;-7,000;-6,900;-6,800;-6,700;-6,600;-6,500;-6,400;-6,300;-6,200;-6,100;-6,000;-5,900;-5,800;-5,700;-5,600;-5,500;-5,400;-5,300;-5,200;-5,100;-5,000;-4,900;-4,800;-4,700;-4,600;-4,500;-4,400;-4,300;-4,200;-4,100;-4,000;-3,900;-3,800;-3,700;-3,600;-3,500;-3,400;-3,300;-3,200;-3,100;-3,000;-2,900;-2,800;-2,700;-2,600;-2,500;-2,400;-2,300;-2,200;-2,100;-2,000;-1,900;-1,800;-1,700;-1,600;-1,500;-1,400;-1,300;-1,200;-1,100;-1,000;-0,900;-0,800;-0,700;-0,600;-0,500;-0,400;-0,300;-0,200;-0,100;0,000;0,100;0,200;0,300;0,400;0,500;0,600;0,700;0,800;0,900;1,000;1,100;1,200;1,300;1,400;1,500;1,600;1,700;1,800;1,900;2,000;2,100;2,200;2,300;2,400;2,500;2,600;2,700;2,800;2,900;3,000;3,100;3,200;3,300;3,400;3,500;3,600;3,700;3,800;3,900;4,000;4,100;4,200;4,300;4,400;4,500;4,600;4,700;4,800;4,900;5,000;5,100;5,200;5,300;5,400;5,500;5,600;5,700;5,800;5,900;6,000;6,100;6,200;6,300;6,400;6,500;6,600;6,700;6,800;6,900;7,000;
7,000;;;;;;;;;;;;;;;;;;;;;;;;;;;;;;;;;;;;;;;;;;;;;;;;;;;;;;;;;;;;;;;;;;;;;;;;;;;;;;;;;;;;;;;;;;;;;;;;;;;;;;;;;;;;;;;;;;;;;;;;;;;;;;;;;;;;;;;;;;;;;;
6,900;;;;;;;;;;;;;;;;;;;;;;;;;;;;;;;;;;;;;;;;;;;;;;;;;;;;;;;;;;;;;;;;;;;;;;;;;;;;;;;;;;;;;;;;;;;;;;;;;;;;;;;;;;;;;;;;;;;;;;;;;;;;;;;;;;;;;;;;;;;;;;
6,800;;;;;;;;;;;;;;;;;;;;;;;;;;;;;;;;;;;;;;;;;;;;;;;;;;;;;;;;;;;;;;;;;;;;;;;;;;;;;;;;;;;;;;;;;;;;;;;;;;;;;;;;;;;;;;;;;;;;;;;;;;;;;;;;;;;;;;;;;;;;;;
6,700;;;;;;;;;;;;;;;;;;;;;;;;;;;;;;;;;;;;;;;;;;;;;;;;;;;;;;;;;;;;;;;;;;;;;;;;;;;;;;;;;;;;;;;;;;;;;;;;;;;;;;;;;;;;;;;;;;;;;;;;;;;;;;;;;;;;;;;;;;;;;;
6,600;;;;;;;;;;;;;;;;;;;;;;;;;;;;;;;;;;;;;;;;;;;;;;;;;;;;;;;;;;;;;;;;;;;;;;;;;;;;;;;;;;;;;;;;;;;;;;;;;;;;;;;;;;;;;;;;;;;;;;;;;;;;;;;;;;;;;;;;;;;;;;
6,500;;;;;;;;;;;;;;;;;;;;;;;;;;;;;;;;;;;;;;;;;;;;;;;;;;;;;;;;;;;;;;;;;;;;;;;;;;;;;;;;;;;;;;;;;;;;;;;;;;;;;;;;;;;;;;;;;;;;;;;;;;;;;;;;;;;;;;;;;;;;;;
6,400;;;;;;;;;;;;;;;;;;;;;;;;;;;;;;;;;;;;;;;;;;;;;;;;;;;;;;;;;;;;;;;;;;;;;;;;;;;;;;;;;;;;;;;;;;;;;;;;;;;;;;;;;;;;;;;;;;;;;;;;;;;;;;;;;;;;;;;;;;;;;;
6,300;;;;;;;;;;;;;;;;;;;;;;;;;;;;;;;;;;;;;;;;;;;;;;;;;;;;;;;;;;;;;;;;;;;;;;;;;;;;;;;;;;;;;;;;;;;;;;;;;;;;;;;;;;;;;;;;;;;;;;;;;;;;;;;;;;;;;;;;;;;;;;
6,200;;;;;;;;;;;;;;;;;;;;;;;;;;;;;;;;;;;;;;;;;;;;;;;;;;;;;;;;;;;;;;;;;;;;;;;;;;;;;;;;;;;;;;;;;;;;;;;;;;;;;;;;;;;;;;;;;;;;;;;;;;;;;;;;;;;;;;;;;;;;;;
6,100;;;;;;;;;;;;;;;;;;;;;;;;;;;;;;;;;;;;;;;;;;;;;;;;;;;;;;;;;;;;;;;;;;;;;;;;;;;;;;;;;;;;;;;;;;;;;;;;;;;;;;;;;;;;;;;;;;;;;;;;;;;;;;;;;;;;;;;;;;;;;;
6,000;;;;;;;;;;;;;;;;;;;;;;;;;;;;;;;;;;;;;;;;;;;;;;;;;;;;;;;;;;;;;;;;;;;;;;;;;;;;;;;;;;;;;;;;;;;;;;;;;;;;;;;;;;;;;;;;;;;;;;;;;;;;;;;;;;;;;;;;;;;;;;
5,900;;;;;;;;;;;;;;;;;;;;;;;;;;;;;;;;;;;;;;;;;;;;;;;;;;;;;;;;;;;;;;;;;;;;;;;;;;;;;;;;;;;;;;;;;;;;;;;;;;;;;;;;;;;;;;;;;;;;;;;;;;;;;;;;;;;;;;;;;;;;;;
5,800;;;;;;;;;;;;;;;;;;;;;;;;;;;;;;;;;;;;;;;;;;;;;;;;;;;;;;;;;;;;;;;;;;;;;;;;;;;;;;;;;;;;;;;;;;;;;;;;;;;;;;;;;;;;;;;;;;;;;;;;;;;;;;;;;;;;;;;;;;;;;;
5,700;;;;;;;;;;;;;;;;;;;;;;;;;;;;;;;;;;;;;;;;;;;;;;;;;;;;;;;;;;;;;;;;;;;;;;;;;;;;;;;;;;;;;;;;;;;;;;;;;;;;;;;;;;;;;;;;;;;;;;;;;;;;;;;;;;;;;;;;;;;;;;
5,600;;;;;;;;;;;;;;;;;;;;;;;;;;;;;;;;;;;;;;;;;;;;;;;;;;;;;;;;;;;;;;;;;;;;;;;;;;;;;;;;;;;;;;;;;;;;;;;;;;;;;;;;;;;;;;;;;;;;;;;;;;;;;;;;;;;;;;;;;;;;;;
5,500;;;;;;;;;;;;;;;;;;;;;;;;;;;;;;;;;;;;;;;;;;;;;;;;;;;;;;;;;;;;;;;;;;;;;;;;;;;;;;;;;;;;;;;;;;;;;;;;;;;;;;;;;;;;;;;;;;;;;;;;;;;;;;;;;;;;;;;;;;;;;;
5,400;;;;;;;;;;;;;;;;;;;;;;;;;;;;;;;;;;;;;;;;;;;;;;;;;;;;;;;;;;;;;;;;;;;;;;;;;;;;;;;;;;;;;;;;;;;;;;;;;;;;;;;;;;;;;;;;;;;;;;;;;;;;;;;;;;;;;;;;;;;;;;
5,300;;;;;;;;;;;;;;;;;;;;;;;;;;;;;;;;;;;;;;;;;;;;;;;;;;;;;;;;;;;;;;;;;;;;;;;;;;;;;;;;;;;;;;;;;;;;;;;;;;;;;;;;;;;;;;;;;;;;;;;;;;;;;;;;;;;;;;;;;;;;;;
5,200;;;;;;;;;;;;;;;;;;;;;;;;;;;;;;;;;;;;;;;;;;;;;;;;;;;;;;;;;;;;;;;;;;;;;;;;;;;;;;;;;;;;;;;;;;;;;;;;;;;;;;;;;;;;;;;;;;;;;;;;;;;;;;;;;;;;;;;;;;;;;;
5,100;;;;;;;;;;;;;;;;;;;;;;;;;;;;;;;;;;;;;;;;;;;;;;;;;;;;;;;;;;;;;;;;;;;;;;;;;;;;;;;;;;;;;;;;;;;;;;;;;;;;;;;;;;;;;;;;;;;;;;;;;;;;;;;;;;;;;;;;;;;;;;
5,000;;;;;;;;;;;;;;;;;;;;;;;;;;;;;;;;;;;;;;;;;;;;;;;;;;;;;;;;;;;;;;;;;;;;;;;;;;;;;;;;;;;;;;;;;;;;;;;;;;;;;;;;;;;;;;;;;;;;;;;;;;;;;;;;;;;;;;;;;;;;;;
4,900;;;;;;;;;;;;;;;;;;;;;;;;;;;;;;;;;;;;;;;;;;;;;;;;;;;;;;;;;;;;;;;;;;;;;;;;;;;;;;;;;;;;;;;;;;;;;;;;;;;;;;;;;;;;;;;;;;;;;;;;;;;;;;;;;;;;;;;;;;;;;;
4,800;;;;;;;;;;;;;;;;;;;;;;;;;;;;;;;;;;;;;;;;;;;;;;;;;;;;;;;;;;;;;;;;;;;;;;;;;;;;;;;;;;;;;;;;;;;;;;;;;;;;;;;;;;;;;;;;;;;;;;;;;;;;;;;;;;;;;;;;;;;;;;
4,700;;;;;;;;;;;;;;;;;;;;;;;;;;;;;;;;;;;;;;;;;;;;;;;;;;;;;;;;;;;;;;;;;;;;;;;;;;;;;;;;;;;;;;;;;;;;;;;;;;;;;;;;;;;;;;;;;;;;;;;;;;;;;;;;;;;;;;;;;;;;;;
4,600;;;;;;;;;;;;;;;;;;;;;;;;;;;;;;;;;;;;;;;;;;;;;;;;;;;;;;;;;;;;;;;;;;;;;;;;;;;;;;;;;;;;;;;;;;;;;;;;;;;;;;;;;;;;;;;;;;;;;;;;;;;;;;;;;;;;;;;;;;;;;;
4,500;;;;;;;;;;;;;;;;;;;;;;;;;;;;;;;;;;;;;;;;;;;;;;;;;;;;;;;;;;;;;;;;;;;;;;;;;;;;;;;;;;;;;;;;;;;;;;;;;;;;;;;;;;;;;;;;;;;;;;;;;;;;;;;;;;;;;;;;;;;;;;
4,400;;;;;;;;;;;;;;;;;;;;;;;;;;;;;;;;;;;;;;;;;;;;;;;;;;;;;;;;;;;;;;;;;;;;;;;;;;;;;;;;;;;;;;;;;;;;;;;;;;;;;;;;;;;;;;;;;;;;;;;;;;;;;;;;;;;;;;;;;;;;;;
4,300;;;;;;;;;;;;;;;;;;;;;;;;;;;;;;;;;;;;;;;;;;;;;;;;;;;;;;;;;;;;;755;756;758;759;761;762;763;765;766;766;767;768;768;768;767;767;;;;;;;;;;;;;;;;;;;;;;;;;;;;;;;;;;;;;;;;;;;;;;;;;;;;;;;;;;;;;;;;;;
4,200;;;;;;;;;;;;;;;;;;;;;;;;;;;;;;;;;;;;;;;;;;;;;;;;;;;;;;;;748;749;750;751;752;754;755;756;758;759;760;761;763;764;764;765;765;765;765;765;764;763;762;761;759;757;;;;;;;;;;;;;;;;;;;;;;;;;;;;;;;;;;;;;;;;;;;;;;;;;;;;;;;;;;;;;
4,100;;;;;;;;;;;;;;;;;;;;;;;;;;;;;;;;;;;;;;;;;;;;;;;;;;;;;747;747;747;747;748;749;750;751;752;753;754;756;757;758;759;760;761;762;762;763;763;763;762;762;761;760;759;757;755;753;751;749;747;;;;;;;;;;;;;;;;;;;;;;;;;;;;;;;;;;;;;;;;;;;;;;;;;;;;;;;;;
4,000;;;;;;;;;;;;;;;;;;;;;;;;;;;;;;;;;;;;;;;;;;;;;;;;;;747;746;746;746;746;746;746;747;747;748;749;750;751;752;753;754;755;756;757;758;759;759;760;760;760;759;759;758;757;756;755;753;751;749;747;745;743;741;739;;;;;;;;;;;;;;;;;;;;;;;;;;;;;;;;;;;;;;;;;;;;;;;;;;;;;;
3,900;;;;;;;;;;;;;;;;;;;;;;;;;;;;;;;;;;;;;;;;;;;;;;;749;748;747;746;745;745;745;744;744;745;745;745;746;747;748;749;749;750;751;752;753;754;755;755;756;756;756;756;756;755;755;754;753;752;750;749;747;745;743;741;740;738;736;734;;;;;;;;;;;;;;;;;;;;;;;;;;;;;;;;;;;;;;;;;;;;;;;;;;;;
3,800;;;;;;;;;;;;;;;;;;;;;;;;;;;;;;;;;;;;;;;;;;;;;751;750;748;747;746;745;744;744;743;743;743;743;743;743;744;744;745;746;746;747;748;749;750;750;751;752;752;752;752;752;752;752;751;750;749;748;747;746;744;743;741;739;738;736;735;734;732;732;;;;;;;;;;;;;;;;;;;;;;;;;;;;;;;;;;;;;;;;;;;;;;;;;;
3,700;;;;;;;;;;;;;;;;;;;;;;;;;;;;;;;;;;;;;;;;;;;753;752;750;749;747;746;745;744;743;742;741;741;740;740;740;740;741;741;742;742;743;743;744;745;746;746;747;747;748;748;748;748;748;747;747;746;745;745;743;742;741;740;738;737;736;734;733;732;732;731;731;731;;;;;;;;;;;;;;;;;;;;;;;;;;;;;;;;;;;;;;;;;;;;;;;;
3,600;;;;;;;;;;;;;;;;;;;;;;;;;;;;;;;;;;;;;;;;;;754;752;751;749;748;746;745;743;742;741;740;739;738;738;737;737;737;737;737;738;738;739;739;740;740;741;742;742;742;743;743;743;743;743;743;742;742;741;740;739;738;737;736;735;734;733;732;731;731;730;730;730;730;731;732;;;;;;;;;;;;;;;;;;;;;;;;;;;;;;;;;;;;;;;;;;;;;;
3,500;;;;;;;;;;;;;;;;;;;;;;;;;;;;;;;;;;;;;;;;756;755;753;751;750;748;746;745;743;741;740;739;737;736;735;735;734;734;733;733;733;734;734;734;735;735;735;736;736;737;737;737;738;738;738;738;737;737;737;736;736;735;734;733;732;732;731;730;729;729;728;728;728;729;729;730;731;733;735;;;;;;;;;;;;;;;;;;;;;;;;;;;;;;;;;;;;;;;;;;;;
3,400;;;;;;;;;;;;;;;;;;;;;;;;;;;;;;;;;;;;;;;757;755;754;752;750;748;746;745;743;741;739;737;736;734;733;732;731;730;730;729;729;729;729;729;729;729;730;730;730;731;731;731;732;732;732;732;732;732;731;731;731;730;730;729;728;728;727;727;726;726;726;726;726;726;727;728;729;730;732;735;737;;;;;;;;;;;;;;;;;;;;;;;;;;;;;;;;;;;;;;;;;;;
3,300;;;;;;;;;;;;;;;;;;;;;;;;;;;;;;;;;;;;;;757;756;754;752;751;749;747;745;742;740;738;736;734;733;731;729;728;727;726;725;725;724;724;724;724;724;724;724;724;724;725;725;725;725;725;726;726;726;726;725;725;725;724;724;724;723;723;723;722;722;722;722;722;723;724;725;726;727;729;731;734;737;740;743;;;;;;;;;;;;;;;;;;;;;;;;;;;;;;;;;;;;;;;;;
3,200;;;;;;;;;;;;;;;;;;;;;;;;;;;;;;;;;;;;759;758;756;755;753;751;749;747;744;742;740;737;735;733;731;729;727;725;724;722;721;720;720;719;718;718;718;718;718;718;718;718;718;718;718;719;719;719;719;719;719;719;719;718;718;718;718;718;717;717;717;717;718;718;719;719;721;722;723;725;727;730;732;735;739;743;747;;;;;;;;;;;;;;;;;;;;;;;;;;;;;;;;;;;;;;;;
3,100;;;;;;;;;;;;;;;;;;;;;;;;;;;;;;;;;;;759;758;756;755;753;751;749;747;744;742;739;737;734;732;729;727;725;723;721;719;718;716;715;714;713;713;712;712;711;711;711;711;711;711;711;711;711;712;712;712;712;712;712;712;712;711;711;711;711;711;712;712;712;713;713;714;715;717;718;720;723;725;728;731;734;738;741;746;750;;;;;;;;;;;;;;;;;;;;;;;;;;;;;;;;;;;;;;;
3,000;;;;;;;;;;;;;;;;;;;;;;;;;;;;;;;;;;759;757;756;755;753;751;749;746;744;741;739;736;733;730;727;725;722;720;718;716;714;712;711;709;708;707;706;706;705;705;704;704;704;704;704;704;704;704;704;704;704;704;704;704;704;704;704;705;705;705;705;705;706;707;707;708;710;711;713;715;717;719;722;725;728;732;736;740;744;749;754;;;;;;;;;;;;;;;;;;;;;;;;;;;;;;;;;;;;;;
2,900;;;;;;;;;;;;;;;;;;;;;;;;;;;;;;;;;758;757;756;754;753;751;749;746;743;741;738;735;732;729;726;723;720;717;715;712;710;708;707;705;703;702;701;700;699;698;698;697;697;697;697;696;696;696;696;696;696;696;696;697;697;697;697;697;697;698;698;698;699;700;701;702;703;704;706;708;710;713;716;719;722;726;730;734;738;743;747;752;758;;;;;;;;;;;;;;;;;;;;;;;;;;;;;;;;;;;;;
2,800;;;;;;;;;;;;;;;;;;;;;;;;;;;;;;;;758;757;755;754;752;750;748;746;743;740;737;734;730;727;724;721;718;715;712;709;707;705;702;700;699;697;696;694;693;692;692;691;690;690;689;689;689;689;689;689;689;689;689;689;689;689;689;689;690;690;690;691;692;692;693;694;696;697;699;701;703;706;709;712;715;719;723;727;731;736;740;745;750;756;761;;;;;;;;;;;;;;;;;;;;;;;;;;;;;;;;;;;;
2,700;;;;;;;;;;;;;;;;;;;;;;;;;;;;;;;757;756;755;753;751;749;747;745;742;739;736;733;729;726;722;719;715;712;709;706;704;701;699;696;694;692;691;689;688;686;685;684;684;683;682;682;682;681;681;681;681;681;681;681;681;681;681;682;682;682;683;683;684;685;686;687;688;690;691;693;696;698;701;704;707;711;715;719;724;728;733;738;743;748;754;759;765;;;;;;;;;;;;;;;;;;;;;;;;;;;;;;;;;;;
2,600;;;;;;;;;;;;;;;;;;;;;;;;;;;;;;756;755;754;752;751;748;746;744;741;738;735;731;728;724;720;717;713;710;706;703;700;697;695;692;690;688;686;684;682;681;680;678;677;677;676;675;675;674;674;673;673;673;673;673;673;673;673;674;674;674;675;675;676;677;678;679;680;682;684;685;688;690;693;696;699;703;707;711;716;720;725;730;735;741;746;752;757;763;769;;;;;;;;;;;;;;;;;;;;;;;;;;;;;;;;;;
2,500;;;;;;;;;;;;;;;;;;;;;;;;;;;;;;754;753;751;749;747;745;742;740;737;733;730;726;722;718;715;711;707;704;700;697;694;691;688;686;683;681;679;677;676;674;673;671;670;669;669;668;667;667;666;666;666;666;665;665;665;666;666;666;666;667;668;668;669;670;671;672;674;676;678;680;682;685;688;691;694;698;702;707;712;716;722;727;732;738;743;749;755;761;767;773;;;;;;;;;;;;;;;;;;;;;;;;;;;;;;;;;
2,400;;;;;;;;;;;;;;;;;;;;;;;;;;;;;753;752;750;748;746;744;741;738;735;732;728;724;720;716;712;708;705;701;697;694;691;688;685;682;679;677;675;672;670;669;667;666;664;663;662;661;661;660;659;659;659;658;658;658;658;658;658;658;659;659;660;660;661;662;663;664;666;668;669;672;674;677;679;682;686;689;693;698;702;707;713;718;723;729;735;741;746;752;758;764;770;776;;;;;;;;;;;;;;;;;;;;;;;;;;;;;;;;
2,300;;;;;;;;;;;;;;;;;;;;;;;;;;;;753;751;749;747;745;742;739;737;733;730;726;722;718;714;710;706;702;698;695;691;688;684;681;678;675;673;670;668;666;664;662;660;659;657;656;655;654;653;653;652;652;651;651;651;651;651;651;651;651;652;652;653;653;654;655;657;658;660;661;663;666;668;671;674;677;681;685;689;693;698;703;709;714;720;726;732;738;744;750;756;762;768;774;;;;;;;;;;;;;;;;;;;;;;;;;;;;;;;;
2,200;;;;;;;;;;;;;;;;;;;;;;;;;;;;750;748;746;743;741;738;735;732;728;724;720;716;712;708;704;699;696;692;688;684;681;678;674;671;668;666;663;661;659;657;655;653;652;651;649;648;647;647;646;645;645;644;644;644;644;644;644;644;644;645;645;646;647;648;649;650;652;653;655;658;660;663;666;669;672;676;680;685;689;694;699;705;710;716;722;728;734;741;747;753;759;765;771;777;;;;;;;;;;;;;;;;;;;;;;;;;;;;;;;
2,100;;;;;;;;;;;;;;;;;;;;;;;;;;;749;747;744;742;739;736;733;730;726;722;718;714;710;705;701;697;693;689;685;681;678;674;671;668;665;662;659;657;654;652;650;648;647;645;644;643;642;641;640;639;638;638;638;637;637;637;637;637;637;638;638;639;639;640;641;642;644;646;647;650;652;654;657;660;664;668;672;676;680;685;690;695;701;707;713;719;725;731;738;744;750;756;762;769;775;781;;;;;;;;;;;;;;;;;;;;;;;;;;;;;;
2,000;;;;;;;;;;;;;;;;;;;;;;;;;;749;746;743;741;738;734;731;728;724;720;716;712;707;703;699;694;690;686;682;678;674;671;667;664;661;658;655;652;650;648;645;643;642;640;638;637;636;635;634;633;632;632;631;631;631;631;630;630;631;631;631;632;632;633;634;635;636;638;640;642;644;646;649;652;655;659;663;667;671;676;681;686;691;697;703;709;715;722;728;734;741;747;754;760;766;772;778;;;;;;;;;;;;;;;;;;;;;;;;;;;;;;
1,900;;;;;;;;;;;;;;;;;;;;;;;;;;746;743;740;736;733;730;726;722;718;714;710;705;701;696;692;687;683;679;675;671;668;664;660;657;654;651;648;646;643;641;639;637;635;633;632;631;630;629;628;627;626;626;625;625;625;624;624;624;624;625;625;626;626;627;628;629;631;632;634;636;639;641;644;647;651;654;658;663;667;672;677;682;688;693;699;705;712;718;725;731;738;744;751;757;763;770;776;782;;;;;;;;;;;;;;;;;;;;;;;;;;;;;
1,800;;;;;;;;;;;;;;;;;;;;;;;;;747;743;739;735;732;728;724;720;716;712;707;703;698;694;689;685;680;676;672;668;664;661;657;654;650;647;644;642;639;637;634;632;630;629;627;626;624;623;622;622;621;620;620;619;619;619;618;618;619;619;619;619;620;621;622;623;624;625;627;629;631;633;636;639;642;646;650;654;658;663;668;673;679;684;690;696;702;708;715;722;728;735;741;748;754;761;767;773;780;786;;;;;;;;;;;;;;;;;;;;;;;;;;;;
1,700;;;;;;;;;;;;;;;;;;;;;;;;;744;739;735;731;727;723;719;714;710;705;701;696;691;687;682;678;673;669;665;661;657;654;650;647;644;641;638;635;632;630;628;626;624;622;621;620;618;617;616;616;615;614;614;613;613;613;613;613;613;613;614;614;615;615;616;617;619;620;622;624;626;629;631;635;638;642;646;650;654;659;664;670;675;681;687;693;699;705;712;718;725;732;738;745;752;758;765;771;777;783;;;;;;;;;;;;;;;;;;;;;;;;;;;;
1,600;;;;;;;;;;;;;;;;;;;;;;;;745;740;735;731;726;722;717;713;708;704;699;694;689;684;680;675;671;666;662;658;654;651;647;643;640;637;634;631;629;626;624;622;620;618;616;615;614;613;612;611;610;609;609;608;608;608;608;608;608;608;608;608;609;610;610;611;612;614;615;617;619;622;624;627;630;634;637;642;646;651;655;661;666;672;677;683;690;696;702;709;715;722;729;736;742;749;756;762;768;775;781;788;;;;;;;;;;;;;;;;;;;;;;;;;;;
1,500;;;;;;;;;;;;;;;;;;;;;;;;742;736;731;726;721;716;712;707;702;697;692;687;682;677;673;668;664;660;655;651;648;644;640;637;634;630;628;625;622;620;618;616;614;612;611;609;608;607;606;605;605;604;604;603;603;603;603;603;603;603;603;604;604;605;606;607;608;609;611;613;615;617;620;623;626;630;634;638;642;647;652;657;663;668;674;680;687;693;699;706;712;719;726;733;740;746;753;759;766;772;779;785;;;;;;;;;;;;;;;;;;;;;;;;;;;
1,400;;;;;;;;;;;;;;;;;;;;;;;744;738;733;727;722;716;711;706;701;696;690;685;680;675;670;666;661;657;653;649;645;641;637;634;630;627;624;621;619;616;614;612;610;608;606;605;604;603;602;601;600;600;599;599;598;598;598;598;598;598;598;599;599;600;601;601;602;604;605;607;609;611;613;616;619;622;626;630;634;639;643;648;654;659;665;671;677;684;690;697;703;710;716;723;730;737;744;750;757;764;770;777;783;;;;;;;;;;;;;;;;;;;;;;;;;;;
1,300;;;;;;;;;;;;;;;;;;;;;;;741;735;729;723;717;711;705;700;695;689;684;679;673;668;664;659;655;650;646;642;638;634;631;627;624;621;618;615;613;610;608;606;604;602;601;600;598;597;597;596;595;595;594;594;594;594;594;594;594;594;594;595;595;596;597;597;599;600;601;603;605;607;610;612;615;619;622;626;631;635;640;645;651;656;662;668;674;681;687;694;700;707;714;721;727;734;741;748;755;761;768;775;781;788;;;;;;;;;;;;;;;;;;;;;;;;;;
1,200;;;;;;;;;;;;;;;;;;;;;;;738;731;724;718;712;706;700;694;688;683;677;672;667;662;657;652;648;644;640;636;632;628;625;621;618;615;612;609;607;604;602;600;599;597;596;594;593;592;592;591;591;590;590;590;589;589;589;590;590;590;590;591;591;592;593;594;595;596;598;599;601;604;606;609;612;615;619;623;627;632;637;642;647;653;659;665;671;678;684;691;698;704;711;718;725;732;739;745;752;759;766;772;779;786;;;;;;;;;;;;;;;;;;;;;;;;;;
1,100;;;;;;;;;;;;;;;;;;;;;;743;735;727;720;713;707;700;694;688;682;677;671;666;660;655;651;646;642;637;633;629;626;622;618;615;612;609;606;604;601;599;597;595;593;592;591;590;589;588;587;587;586;586;586;585;585;585;585;586;586;586;587;587;588;589;589;590;592;593;594;596;598;600;603;606;609;612;616;620;624;629;634;639;645;650;656;662;669;675;682;688;695;702;709;715;722;729;736;743;750;757;764;770;777;784;791;;;;;;;;;;;;;;;;;;;;;;;;;
1,000;;;;;;;;;;;;;;;;;;;;;;740;731;723;716;709;702;695;689;682;676;670;665;659;654;649;645;640;636;631;627;623;620;616;613;609;606;603;601;598;596;594;592;590;588;587;586;585;584;583;583;582;582;582;582;582;582;582;582;582;582;583;583;584;585;585;586;587;588;590;591;593;595;597;600;603;606;609;613;617;621;626;631;636;642;648;654;660;666;672;679;686;693;699;706;713;720;727;734;741;748;755;762;768;775;782;789;;;;;;;;;;;;;;;;;;;;;;;;;
0,900;;;;;;;;;;;;;;;;;;;;;;737;728;720;712;704;697;690;683;677;670;665;659;653;648;643;639;634;630;626;622;618;614;610;607;604;601;598;595;593;591;589;587;585;584;582;581;580;580;579;579;578;578;578;578;578;578;578;578;579;579;580;580;581;582;582;583;584;586;587;589;590;592;595;597;600;603;607;610;614;619;623;628;634;639;645;651;657;663;670;677;683;690;697;704;710;717;724;731;738;745;752;759;767;774;781;788;;;;;;;;;;;;;;;;;;;;;;;;;
0,800;;;;;;;;;;;;;;;;;;;;;;734;724;716;708;700;692;685;678;671;665;659;653;648;643;638;633;628;624;620;616;612;609;605;602;599;596;593;590;588;586;584;582;581;579;578;577;576;576;575;575;574;574;574;574;574;575;575;575;576;576;577;577;578;579;580;581;582;583;584;586;588;590;592;595;598;601;604;608;612;616;621;626;631;637;642;648;655;661;667;674;681;688;694;701;708;715;722;729;736;743;750;757;765;772;779;786;;;;;;;;;;;;;;;;;;;;;;;;;
0,700;;;;;;;;;;;;;;;;;;;;;740;731;721;712;703;695;687;680;673;666;660;654;648;642;637;632;628;623;619;615;611;607;604;600;597;594;591;588;586;583;581;579;578;576;575;574;573;572;572;571;571;571;571;571;571;571;572;572;572;573;573;574;575;575;576;577;578;579;581;582;584;586;588;590;593;595;599;602;606;610;614;619;624;629;634;640;646;652;658;665;672;678;685;692;699;706;713;719;726;734;741;748;756;763;770;778;785;793;;;;;;;;;;;;;;;;;;;;;;;;
0,600;;;;;;;;;;;;;;;;;;;;;738;728;718;708;700;691;683;675;668;661;655;648;643;637;632;627;623;618;614;610;606;602;599;595;592;589;586;584;581;579;577;575;574;572;571;570;569;569;568;568;568;568;568;568;568;568;569;569;570;570;571;572;572;573;574;575;576;577;579;580;582;584;586;588;590;593;596;600;604;608;612;616;621;627;632;638;644;650;656;663;669;676;683;690;696;703;710;717;724;731;739;746;754;761;769;776;784;791;;;;;;;;;;;;;;;;;;;;;;;;
0,500;;;;;;;;;;;;;;;;;;;;;735;725;715;705;696;687;679;671;663;656;650;644;638;633;627;623;618;614;609;605;602;598;594;591;588;585;582;580;577;575;573;571;570;568;567;566;566;565;565;564;564;564;565;565;565;566;566;567;567;568;569;569;570;571;572;573;574;575;577;578;580;582;584;586;589;591;594;598;602;606;610;614;619;624;630;635;641;648;654;660;667;674;680;687;694;701;708;715;722;729;737;744;752;759;767;775;782;790;;;;;;;;;;;;;;;;;;;;;;;;
0,400;;;;;;;;;;;;;;;;;;;;;733;722;711;702;692;683;675;667;659;652;645;639;634;628;623;618;614;609;605;601;597;594;590;587;584;581;578;576;573;571;569;568;566;565;564;563;562;562;561;561;561;561;562;562;562;563;564;564;565;566;566;567;568;569;570;571;572;573;575;576;578;580;582;584;587;590;593;596;600;604;608;612;617;622;628;633;639;645;652;658;665;671;678;685;692;699;706;713;720;727;735;742;750;758;765;773;781;789;;;;;;;;;;;;;;;;;;;;;;;;
0,300;;;;;;;;;;;;;;;;;;;;;730;719;708;698;689;680;671;663;655;648;641;635;630;624;619;614;610;605;601;597;593;590;586;583;580;577;575;572;570;568;566;564;563;562;561;560;559;559;559;558;559;559;559;560;560;561;561;562;563;564;564;565;566;567;568;569;571;572;573;575;577;578;581;583;585;588;591;594;598;602;606;611;615;621;626;631;637;643;649;656;662;669;676;683;690;697;704;711;718;725;733;740;748;756;764;772;780;788;;;;;;;;;;;;;;;;;;;;;;;;
0,200;;;;;;;;;;;;;;;;;;;;;728;717;706;695;686;676;668;659;652;644;638;632;626;620;615;611;606;602;598;594;590;586;583;580;577;574;571;569;566;564;563;561;560;559;558;557;556;556;556;556;556;556;557;557;558;558;559;560;561;562;563;564;565;566;567;568;569;570;572;573;575;577;579;581;584;587;590;593;597;600;605;609;614;619;624;630;635;641;647;654;660;667;674;681;687;694;701;709;716;723;731;739;747;755;763;771;779;787;796;;;;;;;;;;;;;;;;;;;;;;;
0,100;;;;;;;;;;;;;;;;;;;;738;726;714;703;693;683;673;664;656;648;641;634;628;623;617;612;607;603;598;594;590;587;583;580;577;574;571;568;566;564;562;560;558;557;556;555;554;554;553;553;553;554;554;554;555;556;556;557;558;559;560;561;562;563;564;565;567;568;569;571;572;574;576;578;580;583;585;588;592;595;599;603;608;612;617;622;628;633;639;646;652;658;665;672;678;685;692;699;707;714;721;729;737;745;753;761;770;778;786;795;;;;;;;;;;;;;;;;;;;;;;;
0,000;;;;;;;;;;;;;;;;;;;;736;723;712;701;690;680;670;661;653;645;638;631;625;619;614;609;604;600;595;591;587;584;580;577;574;571;568;565;563;561;559;557;556;554;553;552;552;551;551;551;551;551;552;552;553;554;555;556;556;557;558;560;561;562;563;564;565;567;568;570;571;573;575;577;579;582;584;587;591;594;598;602;606;611;616;621;626;632;638;644;650;656;663;670;676;683;690;698;705;712;720;727;735;744;752;760;769;777;786;794;;;;;;;;;;;;;;;;;;;;;;;
-0,100;;;;;;;;;;;;;;;;;;;;734;721;710;698;688;677;668;659;650;643;635;629;623;617;611;606;602;597;593;589;585;581;578;574;571;568;566;563;561;558;557;555;553;552;551;550;550;549;549;549;549;550;550;551;551;552;553;554;555;556;557;558;559;561;562;563;564;566;567;569;570;572;574;576;578;581;584;586;590;593;597;601;605;609;614;619;625;630;636;642;648;655;661;668;675;682;689;696;703;710;718;726;734;742;751;759;768;776;785;794;;;;;;;;;;;;;;;;;;;;;;;
-0,200;;;;;;;;;;;;;;;;;;;;732;719;708;696;685;675;666;657;648;640;633;626;620;614;609;604;599;595;591;586;583;579;575;572;569;566;563;561;558;556;554;553;551;550;549;548;548;547;547;547;548;548;548;549;550;551;552;553;554;555;556;557;558;560;561;562;564;565;566;568;570;571;573;575;578;580;583;586;589;592;596;600;604;608;613;618;623;629;635;640;647;653;659;666;673;680;687;694;701;709;716;724;733;741;750;758;767;776;784;793;;;;;;;;;;;;;;;;;;;;;;;
-0,300;;;;;;;;;;;;;;;;;;;;730;718;706;694;684;673;664;655;646;638;631;624;618;612;607;602;597;593;589;585;581;577;574;570;567;564;561;559;557;554;553;551;550;548;547;547;546;546;546;546;546;546;547;548;549;549;550;552;553;554;555;556;558;559;560;562;563;564;566;568;569;571;573;575;577;580;582;585;588;591;595;599;603;607;612;617;622;628;633;639;645;651;658;664;671;678;685;692;700;707;715;723;732;740;749;758;766;775;784;793;;;;;;;;;;;;;;;;;;;;;;;
-0,400;;;;;;;;;;;;;;;;;;;;728;716;704;693;682;672;662;653;644;636;629;623;616;611;605;600;596;591;587;583;579;575;572;569;565;563;560;557;555;553;551;549;548;547;546;545;545;544;544;544;545;545;546;547;547;548;550;551;552;553;554;556;557;558;560;561;563;564;566;567;569;571;573;575;577;579;582;585;588;591;595;598;602;607;611;616;621;626;632;638;644;650;656;663;670;677;684;691;699;706;714;722;731;739;748;757;766;775;784;793;;;;;;;;;;;;;;;;;;;;;;;
-0,500;;;;;;;;;;;;;;;;;;;;727;714;702;691;680;670;660;651;643;635;628;621;615;609;604;599;594;590;585;581;578;574;570;567;564;561;559;556;554;552;550;548;547;546;545;544;544;543;543;543;544;544;545;546;547;548;549;550;551;552;554;555;557;558;559;561;562;564;565;567;569;571;573;575;577;579;582;585;588;591;594;598;602;606;611;615;620;625;631;637;643;649;655;662;669;676;683;690;697;705;713;721;730;739;748;757;766;775;784;793;;;;;;;;;;;;;;;;;;;;;;;
-0,600;;;;;;;;;;;;;;;;;;;;725;713;701;690;679;669;659;650;642;634;627;620;614;608;603;598;593;588;584;580;576;573;569;566;563;560;557;555;553;551;549;547;546;545;544;543;543;543;543;543;543;544;544;545;546;547;548;550;551;552;554;555;556;558;559;561;562;564;565;567;569;571;573;575;577;579;582;585;587;591;594;598;602;606;610;615;620;625;630;636;642;648;654;661;668;674;682;689;697;704;712;721;730;739;747;757;766;775;784;793;;;;;;;;;;;;;;;;;;;;;;;
-0,700;;;;;;;;;;;;;;;;;;;;724;712;700;689;678;668;658;649;641;633;626;619;613;607;602;597;592;588;583;579;576;572;568;565;562;559;557;554;552;550;548;547;545;544;543;543;542;542;542;542;543;543;544;545;546;547;548;549;551;552;554;555;556;558;559;561;563;564;566;567;569;571;573;575;577;580;582;585;588;591;594;598;601;605;610;614;619;624;630;635;641;647;653;660;667;674;681;688;696;704;712;721;729;738;747;757;766;775;784;793;;;;;;;;;;;;;;;;;;;;;;;
-0,800;;;;;;;;;;;;;;;;;;;;723;710;699;688;677;667;657;648;640;632;625;618;612;606;601;596;591;587;583;579;575;571;568;565;562;559;556;554;551;549;548;546;545;544;543;542;542;542;542;542;542;543;544;545;546;547;548;549;551;552;554;555;557;558;560;561;563;565;566;568;570;572;574;576;578;580;583;585;588;591;594;598;602;606;610;614;619;624;629;635;641;647;653;659;666;673;680;688;695;703;712;721;730;739;748;757;766;775;785;794;;;;;;;;;;;;;;;;;;;;;;;
-0,900;;;;;;;;;;;;;;;;;;;;;709;698;687;676;666;657;648;640;632;625;618;612;606;601;596;591;586;582;578;574;571;567;564;561;558;556;553;551;549;548;546;545;544;543;542;542;542;542;542;543;543;544;545;546;547;548;550;551;553;554;556;557;559;560;562;564;565;567;569;571;572;574;576;579;581;583;586;589;592;595;598;602;606;610;614;619;624;629;635;640;646;653;659;666;673;680;688;695;703;712;721;730;739;748;758;767;776;786;795;;;;;;;;;;;;;;;;;;;;;;;
-1,000;;;;;;;;;;;;;;;;;;;;;709;697;686;676;666;656;648;639;632;624;618;612;606;600;595;591;586;582;578;574;571;567;564;561;558;556;553;551;549;548;546;545;544;543;542;542;542;542;542;543;544;544;545;547;548;549;550;552;553;555;557;558;560;561;563;565;566;568;570;572;574;576;578;580;582;584;587;590;593;596;599;603;606;611;615;619;624;629;635;640;646;653;659;666;673;680;688;696;704;713;721;731;740;749;758;768;777;787;796;;;;;;;;;;;;;;;;;;;;;;;
-1,100;;;;;;;;;;;;;;;;;;;;;708;697;686;675;666;656;648;639;632;625;618;612;606;600;595;591;586;582;578;574;571;567;564;561;559;556;554;552;550;548;546;545;544;544;543;543;543;543;543;544;544;545;546;547;549;550;551;553;554;556;558;559;561;563;564;566;568;569;571;573;575;577;579;581;583;586;588;591;594;597;600;604;607;611;615;620;625;630;635;641;647;653;659;666;673;681;688;696;704;713;722;732;741;750;760;769;778;788;;;;;;;;;;;;;;;;;;;;;;;;
-1,200;;;;;;;;;;;;;;;;;;;;;707;696;685;675;666;656;648;640;632;625;618;612;606;601;596;591;586;582;578;574;571;568;565;562;559;556;554;552;550;549;547;546;545;544;544;544;544;544;544;545;545;546;547;549;550;551;553;554;556;557;559;561;562;564;566;568;569;571;573;575;577;578;580;583;585;587;590;592;595;598;601;605;608;612;616;621;626;631;636;641;647;653;660;667;674;681;689;697;706;714;724;733;742;752;761;770;780;789;;;;;;;;;;;;;;;;;;;;;;;;
-1,300;;;;;;;;;;;;;;;;;;;;;707;696;685;675;666;657;648;640;632;625;619;612;607;601;596;591;587;583;579;575;571;568;565;562;559;557;555;553;551;549;548;547;546;545;545;545;545;545;545;546;547;548;549;550;551;553;554;556;557;559;561;562;564;566;568;569;571;573;575;576;578;580;582;584;587;589;591;594;597;600;603;606;610;614;618;622;627;632;637;642;648;654;661;668;675;682;690;698;707;716;725;734;744;753;763;772;782;791;;;;;;;;;;;;;;;;;;;;;;;;
-1,400;;;;;;;;;;;;;;;;;;;;;707;696;686;676;666;657;649;641;633;626;619;613;607;602;597;592;587;583;579;576;572;569;566;563;560;558;556;554;552;551;549;548;547;547;546;546;546;547;547;548;548;549;551;552;553;555;556;558;559;561;563;564;566;568;570;571;573;575;577;579;581;582;584;587;589;591;593;596;599;602;605;608;611;615;619;623;628;633;638;644;649;656;662;669;676;684;692;700;709;718;727;736;746;755;765;774;784;793;;;;;;;;;;;;;;;;;;;;;;;;
-1,500;;;;;;;;;;;;;;;;;;;;;;697;686;676;667;658;650;642;634;627;620;614;608;603;598;593;588;584;580;576;573;570;567;564;561;559;557;555;553;552;551;550;549;548;548;548;548;548;549;550;550;551;553;554;555;557;558;560;562;563;565;567;568;570;572;574;576;577;579;581;583;585;587;589;591;593;596;598;601;604;607;610;613;617;621;625;630;635;640;645;651;657;664;671;678;685;693;702;711;720;729;739;748;757;767;776;786;796;;;;;;;;;;;;;;;;;;;;;;;;
-1,600;;;;;;;;;;;;;;;;;;;;;;697;687;677;668;659;651;643;635;628;622;615;609;604;599;594;589;585;581;577;574;571;568;565;563;560;558;557;555;554;552;552;551;550;550;550;550;551;551;552;553;554;555;556;558;559;561;562;564;566;568;569;571;573;575;576;578;580;582;584;586;588;589;592;594;596;598;601;603;606;609;612;616;619;623;627;632;637;642;647;653;659;666;673;680;688;696;704;713;722;732;741;750;760;769;779;788;;;;;;;;;;;;;;;;;;;;;;;;;
-1,700;;;;;;;;;;;;;;;;;;;;;;698;688;678;669;660;652;644;637;630;623;617;611;605;600;595;591;586;582;579;575;572;569;567;564;562;560;558;557;555;554;554;553;553;552;552;553;553;554;554;555;556;558;559;560;562;564;565;567;569;570;572;574;576;578;579;581;583;585;587;589;590;592;594;596;599;601;603;606;609;612;615;618;622;626;630;634;639;644;649;655;661;668;675;682;690;698;707;716;725;735;744;753;763;772;782;791;;;;;;;;;;;;;;;;;;;;;;;;;
-1,800;;;;;;;;;;;;;;;;;;;;;;;689;680;670;662;653;646;638;631;625;618;612;607;602;597;592;588;584;580;577;574;571;568;566;564;562;560;559;558;557;556;555;555;555;555;555;556;556;557;558;559;561;562;563;565;567;568;570;572;573;575;577;579;581;583;584;586;588;590;592;594;596;597;600;602;604;606;609;612;614;618;621;624;628;632;637;641;647;652;658;664;671;678;685;693;701;710;719;728;738;747;756;766;775;785;795;;;;;;;;;;;;;;;;;;;;;;;;;
-1,900;;;;;;;;;;;;;;;;;;;;;;;691;682;672;664;655;648;640;633;627;620;614;609;603;598;594;589;586;582;579;575;573;570;568;566;564;562;561;560;559;558;558;558;558;558;558;559;560;560;561;563;564;565;567;568;570;572;573;575;577;579;581;582;584;586;588;590;591;593;595;597;599;601;603;605;607;610;612;615;618;621;624;627;631;635;640;644;650;655;661;667;674;681;688;696;705;714;723;732;741;750;759;769;778;788;798;;;;;;;;;;;;;;;;;;;;;;;;;
-2,000;;;;;;;;;;;;;;;;;;;;;;;693;684;675;666;658;650;642;635;629;623;617;611;605;600;596;591;587;584;580;577;575;572;570;568;566;565;564;563;562;561;561;561;561;561;562;562;563;564;565;566;567;569;570;572;574;575;577;579;581;582;584;586;588;590;591;593;595;597;599;601;602;604;606;609;611;613;616;618;621;624;627;631;635;639;643;648;653;658;664;670;677;684;692;700;709;717;726;736;745;754;763;772;782;792;;;;;;;;;;;;;;;;;;;;;;;;;;
-2,100;;;;;;;;;;;;;;;;;;;;;;;;687;677;668;660;652;645;638;631;625;619;613;608;603;598;594;590;586;583;580;577;575;572;571;569;568;566;565;565;564;564;564;564;565;565;566;567;568;569;570;571;573;574;576;577;579;581;583;584;586;588;590;592;593;595;597;599;601;602;604;606;608;610;612;614;617;619;622;625;628;631;634;638;642;647;651;656;662;668;674;681;688;696;704;713;722;730;739;748;758;767;776;786;796;;;;;;;;;;;;;;;;;;;;;;;;;;
-2,200;;;;;;;;;;;;;;;;;;;;;;;;690;680;672;663;655;648;641;634;628;622;616;611;605;601;596;592;589;585;582;580;577;575;573;572;570;569;569;568;568;567;568;568;568;569;570;570;571;573;574;575;577;578;580;582;583;585;587;589;590;592;594;596;597;599;601;603;605;606;608;610;612;614;616;618;621;623;626;628;632;635;638;642;646;651;655;660;666;672;678;685;692;700;709;717;726;735;744;752;762;771;780;790;;;;;;;;;;;;;;;;;;;;;;;;;;;
-2,300;;;;;;;;;;;;;;;;;;;;;;;;694;684;675;667;659;651;644;637;631;625;619;614;608;604;599;595;591;588;585;582;580;578;576;575;574;573;572;571;571;571;571;572;572;573;574;575;576;577;578;580;581;583;584;586;588;589;591;593;595;596;598;600;602;603;605;607;609;611;612;614;616;618;620;622;625;627;630;633;636;639;642;646;650;655;660;665;670;676;683;690;697;705;713;722;731;739;748;757;766;775;784;794;;;;;;;;;;;;;;;;;;;;;;;;;;;
-2,400;;;;;;;;;;;;;;;;;;;;;;;;;688;679;671;662;655;647;641;634;628;622;617;612;607;602;598;594;591;588;585;583;581;579;578;577;576;576;575;575;575;575;576;576;577;578;579;580;581;583;584;586;587;589;590;592;594;596;597;599;601;603;604;606;608;610;611;613;615;617;619;620;622;625;627;629;631;634;637;640;643;647;651;655;659;664;669;675;681;688;695;702;710;718;727;735;744;752;761;770;779;789;799;;;;;;;;;;;;;;;;;;;;;;;;;;;
-2,500;;;;;;;;;;;;;;;;;;;;;;;;;693;684;675;667;659;651;645;638;632;626;621;615;610;606;602;598;594;591;589;587;585;583;582;581;580;579;579;579;579;580;580;581;582;582;584;585;586;587;589;590;592;593;595;597;598;600;602;604;605;607;609;611;612;614;616;618;619;621;623;625;627;629;631;634;636;639;642;645;648;652;655;660;664;669;674;680;686;693;700;708;716;724;732;740;749;757;766;775;784;794;;;;;;;;;;;;;;;;;;;;;;;;;;;;
-2,600;;;;;;;;;;;;;;;;;;;;;;;;;;689;680;672;663;656;649;642;636;630;625;619;614;610;605;602;598;595;593;590;588;587;586;585;584;584;583;583;584;584;585;585;586;587;588;590;591;592;594;595;597;598;600;602;603;605;607;608;610;612;614;615;617;619;620;622;624;626;628;629;632;634;636;638;641;643;646;649;653;656;660;665;669;674;680;686;692;699;706;713;721;729;737;745;754;762;771;780;789;799;;;;;;;;;;;;;;;;;;;;;;;;;;;;
-2,700;;;;;;;;;;;;;;;;;;;;;;;;;;;686;677;669;661;654;647;641;635;629;624;619;614;610;606;602;599;597;594;593;591;590;589;588;588;588;588;588;589;589;590;591;592;593;595;596;597;599;600;602;603;605;607;608;610;612;613;615;617;618;620;622;623;625;627;629;630;632;634;636;638;641;643;646;648;651;655;658;662;666;670;675;680;685;691;698;705;712;719;727;735;743;751;759;767;776;785;794;;;;;;;;;;;;;;;;;;;;;;;;;;;;;
-2,800;;;;;;;;;;;;;;;;;;;;;;;;;;;692;683;675;666;659;652;646;639;634;628;623;619;614;610;607;604;601;599;597;595;594;593;593;593;593;593;593;594;594;595;596;597;598;600;601;602;604;605;607;609;610;612;613;615;617;618;620;621;623;625;626;628;630;632;633;635;637;639;641;643;646;648;651;654;657;660;663;667;671;676;681;686;691;697;704;711;718;725;733;740;748;756;764;772;781;790;;;;;;;;;;;;;;;;;;;;;;;;;;;;;;
-2,900;;;;;;;;;;;;;;;;;;;;;;;;;;;;690;681;673;665;658;651;645;639;634;629;624;619;615;612;609;606;604;602;600;599;598;598;598;598;598;598;599;600;600;602;603;604;605;606;608;609;611;612;614;615;617;619;620;622;623;625;626;628;630;631;633;635;636;638;640;642;644;646;648;651;653;656;659;662;665;669;673;677;682;687;692;698;704;711;717;724;732;739;746;754;762;770;778;787;796;;;;;;;;;;;;;;;;;;;;;;;;;;;;;;
-3,000;;;;;;;;;;;;;;;;;;;;;;;;;;;;697;688;679;671;664;657;651;645;639;634;629;625;621;617;614;611;609;607;605;604;604;603;603;603;603;604;604;605;606;607;608;609;611;612;613;615;616;618;619;621;622;624;625;627;628;630;632;633;635;636;638;640;641;643;645;647;649;651;654;656;659;662;665;668;671;675;679;684;688;693;699;705;711;717;724;731;738;745;752;760;767;775;784;793;;;;;;;;;;;;;;;;;;;;;;;;;;;;;;;
-3,100;;;;;;;;;;;;;;;;;;;;;;;;;;;;;696;687;678;671;664;657;651;645;640;635;631;627;623;620;617;614;612;611;610;609;609;608;608;609;609;610;611;612;613;614;615;616;618;619;621;622;623;625;626;628;629;631;632;634;635;637;638;640;641;643;645;647;648;650;652;654;657;659;662;664;667;670;674;677;681;686;690;695;700;706;712;718;724;731;737;744;751;758;766;773;781;790;;;;;;;;;;;;;;;;;;;;;;;;;;;;;;;;
-3,200;;;;;;;;;;;;;;;;;;;;;;;;;;;;;;695;686;678;671;664;658;652;646;642;637;633;629;626;623;620;618;617;616;615;615;614;614;615;615;616;617;618;619;620;621;622;624;625;626;628;629;631;632;633;635;636;638;639;641;642;644;645;647;648;650;652;654;656;658;660;662;665;667;670;673;677;680;684;688;692;697;702;707;713;719;725;731;738;744;751;758;765;772;780;788;797;;;;;;;;;;;;;;;;;;;;;;;;;;;;;;;;
-3,300;;;;;;;;;;;;;;;;;;;;;;;;;;;;;;;695;686;678;671;665;659;653;648;644;640;636;633;630;627;625;623;622;621;621;621;621;621;622;622;623;624;625;626;627;629;630;631;632;634;635;636;638;639;640;642;643;645;646;647;649;650;652;654;655;657;659;661;663;666;668;671;674;677;680;683;687;691;695;699;704;709;715;720;726;732;738;744;751;757;764;771;779;786;795;;;;;;;;;;;;;;;;;;;;;;;;;;;;;;;;;
-3,400;;;;;;;;;;;;;;;;;;;;;;;;;;;;;;;704;695;687;679;673;666;661;656;651;647;643;640;637;634;632;630;629;628;628;627;628;628;628;629;630;631;632;633;634;635;636;638;639;640;641;643;644;645;646;648;649;650;652;653;654;656;658;659;661;663;665;667;669;672;674;677;680;683;686;690;694;698;702;707;712;717;723;728;734;740;745;752;758;764;771;778;786;794;;;;;;;;;;;;;;;;;;;;;;;;;;;;;;;;;;
-3,500;;;;;;;;;;;;;;;;;;;;;;;;;;;;;;;;704;696;688;681;675;669;664;659;655;651;647;644;642;640;638;636;635;635;635;635;635;635;636;637;638;639;640;641;642;643;644;645;646;648;649;650;651;652;654;655;656;657;659;660;662;663;665;667;669;671;673;675;678;681;683;687;690;693;697;701;705;710;715;720;725;730;736;741;747;753;759;765;772;778;786;793;;;;;;;;;;;;;;;;;;;;;;;;;;;;;;;;;;;
-3,600;;;;;;;;;;;;;;;;;;;;;;;;;;;;;;;;;706;698;690;684;678;672;667;663;659;656;653;650;648;646;644;643;643;642;642;642;643;643;644;645;646;647;648;649;650;651;652;653;654;655;656;658;659;660;661;662;663;665;666;668;669;671;673;675;677;679;682;684;687;690;694;697;701;705;709;713;718;723;728;733;738;744;749;755;760;766;773;779;786;794;;;;;;;;;;;;;;;;;;;;;;;;;;;;;;;;;;;;
-3,700;;;;;;;;;;;;;;;;;;;;;;;;;;;;;;;;;;708;700;693;687;681;676;672;668;664;661;659;656;654;653;652;651;651;650;650;651;651;652;653;654;654;655;656;657;658;659;660;661;662;663;664;665;666;667;669;670;671;672;674;676;677;679;681;684;686;688;691;694;697;701;705;709;713;717;722;726;731;736;741;746;751;757;762;768;774;781;787;795;;;;;;;;;;;;;;;;;;;;;;;;;;;;;;;;;;;;;
-3,800;;;;;;;;;;;;;;;;;;;;;;;;;;;;;;;;;;;710;703;697;691;686;681;677;674;671;668;666;664;662;661;660;659;659;659;659;660;660;661;662;663;663;664;665;666;667;668;669;669;670;671;672;673;674;675;676;678;679;681;682;684;686;688;690;693;696;699;702;705;709;713;717;721;725;730;735;739;744;749;754;760;765;771;777;783;789;796;;;;;;;;;;;;;;;;;;;;;;;;;;;;;;;;;;;;;;
-3,900;;;;;;;;;;;;;;;;;;;;;;;;;;;;;;;;;;;;714;707;701;696;691;687;684;681;678;675;673;672;671;670;669;669;668;668;669;669;670;670;671;672;672;673;674;675;675;676;677;678;679;679;680;681;682;683;685;686;688;689;691;693;695;698;700;703;706;710;713;717;721;725;729;734;738;743;748;753;758;763;768;774;780;786;792;799;;;;;;;;;;;;;;;;;;;;;;;;;;;;;;;;;;;;;;;
-4,000;;;;;;;;;;;;;;;;;;;;;;;;;;;;;;;;;;;;;718;712;707;702;698;694;691;688;686;684;682;681;680;679;679;678;678;678;679;679;679;680;681;681;682;683;683;684;684;685;686;686;687;688;689;690;691;692;694;695;697;699;701;703;706;708;711;715;718;722;726;730;734;738;743;747;752;757;762;767;772;777;783;789;796;802;;;;;;;;;;;;;;;;;;;;;;;;;;;;;;;;;;;;;;;;
-4,100;;;;;;;;;;;;;;;;;;;;;;;;;;;;;;;;;;;;;;;718;713;709;705;702;699;697;695;693;692;691;690;689;689;689;689;689;689;689;690;690;691;691;692;692;693;693;694;694;695;695;696;697;698;699;700;701;703;705;707;709;711;714;717;720;723;727;731;734;738;743;747;751;756;761;766;771;776;782;787;793;800;806;;;;;;;;;;;;;;;;;;;;;;;;;;;;;;;;;;;;;;;;;
-4,200;;;;;;;;;;;;;;;;;;;;;;;;;;;;;;;;;;;;;;;;725;721;717;714;711;709;707;705;703;702;701;701;700;700;700;700;700;700;700;700;701;701;701;702;702;702;703;703;704;704;705;706;707;708;709;710;712;713;715;718;720;723;726;729;732;736;739;743;747;752;756;761;765;770;775;781;786;792;798;804;811;;;;;;;;;;;;;;;;;;;;;;;;;;;;;;;;;;;;;;;;;;
-4,300;;;;;;;;;;;;;;;;;;;;;;;;;;;;;;;;;;;;;;;;;733;729;726;723;721;719;717;716;714;713;713;712;712;711;711;711;711;711;711;711;711;711;712;712;712;712;713;713;713;714;715;716;717;718;719;721;722;724;727;729;732;735;738;741;745;749;753;757;761;766;771;775;781;786;791;797;803;810;;;;;;;;;;;;;;;;;;;;;;;;;;;;;;;;;;;;;;;;;;;;
-4,400;;;;;;;;;;;;;;;;;;;;;;;;;;;;;;;;;;;;;;;;;;;738;736;733;731;730;728;727;726;725;725;724;724;723;723;723;723;722;722;722;722;722;722;722;722;723;723;723;724;724;725;726;727;728;730;732;734;736;738;741;744;747;751;754;758;762;767;771;776;781;786;792;797;803;809;816;;;;;;;;;;;;;;;;;;;;;;;;;;;;;;;;;;;;;;;;;;;;;
-4,500;;;;;;;;;;;;;;;;;;;;;;;;;;;;;;;;;;;;;;;;;;;;749;747;745;743;742;741;740;739;738;737;737;736;736;735;735;735;734;734;734;734;733;733;733;733;733;734;734;734;735;736;737;738;740;741;743;746;748;751;754;757;761;764;768;773;777;782;787;792;798;803;809;816;;;;;;;;;;;;;;;;;;;;;;;;;;;;;;;;;;;;;;;;;;;;;;;
-4,600;;;;;;;;;;;;;;;;;;;;;;;;;;;;;;;;;;;;;;;;;;;;;;758;757;756;755;754;753;752;751;750;750;749;749;748;748;747;746;746;746;745;745;745;744;744;744;745;745;745;746;747;748;750;751;753;756;758;761;764;767;771;775;779;784;788;793;799;804;810;816;;;;;;;;;;;;;;;;;;;;;;;;;;;;;;;;;;;;;;;;;;;;;;;;;
-4,700;;;;;;;;;;;;;;;;;;;;;;;;;;;;;;;;;;;;;;;;;;;;;;;;770;769;768;767;766;766;765;764;763;763;762;761;760;760;759;758;758;757;757;756;756;756;756;756;756;757;758;759;760;762;764;766;769;772;775;778;782;786;791;796;801;806;812;818;824;;;;;;;;;;;;;;;;;;;;;;;;;;;;;;;;;;;;;;;;;;;;;;;;;;
-4,800;;;;;;;;;;;;;;;;;;;;;;;;;;;;;;;;;;;;;;;;;;;;;;;;;;783;782;781;781;780;779;778;777;776;775;774;774;773;772;771;770;769;769;768;768;768;768;768;769;769;770;772;773;775;778;780;783;786;790;794;799;803;808;814;819;;;;;;;;;;;;;;;;;;;;;;;;;;;;;;;;;;;;;;;;;;;;;;;;;;;;;
-4,900;;;;;;;;;;;;;;;;;;;;;;;;;;;;;;;;;;;;;;;;;;;;;;;;;;;;;796;795;794;794;793;791;790;789;788;787;786;785;784;783;782;781;781;780;780;780;781;781;782;784;785;787;790;792;795;799;803;807;812;817;822;;;;;;;;;;;;;;;;;;;;;;;;;;;;;;;;;;;;;;;;;;;;;;;;;;;;;;;
-5,000;;;;;;;;;;;;;;;;;;;;;;;;;;;;;;;;;;;;;;;;;;;;;;;;;;;;;;;;809;808;807;806;805;803;802;801;799;798;797;796;795;794;794;793;793;794;794;795;796;798;800;802;805;808;812;816;820;;;;;;;;;;;;;;;;;;;;;;;;;;;;;;;;;;;;;;;;;;;;;;;;;;;;;;;;;;
-5,100;;;;;;;;;;;;;;;;;;;;;;;;;;;;;;;;;;;;;;;;;;;;;;;;;;;;;;;;;;;;821;819;818;816;814;813;812;810;809;808;808;807;807;807;808;808;810;811;813;816;819;;;;;;;;;;;;;;;;;;;;;;;;;;;;;;;;;;;;;;;;;;;;;;;;;;;;;;;;;;;;;;
-5,200;;;;;;;;;;;;;;;;;;;;;;;;;;;;;;;;;;;;;;;;;;;;;;;;;;;;;;;;;;;;;;;;;;;;824;823;822;821;821;;;;;;;;;;;;;;;;;;;;;;;;;;;;;;;;;;;;;;;;;;;;;;;;;;;;;;;;;;;;;;;;;;;;;;
-5,300;;;;;;;;;;;;;;;;;;;;;;;;;;;;;;;;;;;;;;;;;;;;;;;;;;;;;;;;;;;;;;;;;;;;;;;;;;;;;;;;;;;;;;;;;;;;;;;;;;;;;;;;;;;;;;;;;;;;;;;;;;;;;;;;;;;;;;;;;;;;;;
-5,400;;;;;;;;;;;;;;;;;;;;;;;;;;;;;;;;;;;;;;;;;;;;;;;;;;;;;;;;;;;;;;;;;;;;;;;;;;;;;;;;;;;;;;;;;;;;;;;;;;;;;;;;;;;;;;;;;;;;;;;;;;;;;;;;;;;;;;;;;;;;;;
-5,500;;;;;;;;;;;;;;;;;;;;;;;;;;;;;;;;;;;;;;;;;;;;;;;;;;;;;;;;;;;;;;;;;;;;;;;;;;;;;;;;;;;;;;;;;;;;;;;;;;;;;;;;;;;;;;;;;;;;;;;;;;;;;;;;;;;;;;;;;;;;;;
-5,600;;;;;;;;;;;;;;;;;;;;;;;;;;;;;;;;;;;;;;;;;;;;;;;;;;;;;;;;;;;;;;;;;;;;;;;;;;;;;;;;;;;;;;;;;;;;;;;;;;;;;;;;;;;;;;;;;;;;;;;;;;;;;;;;;;;;;;;;;;;;;;
-5,700;;;;;;;;;;;;;;;;;;;;;;;;;;;;;;;;;;;;;;;;;;;;;;;;;;;;;;;;;;;;;;;;;;;;;;;;;;;;;;;;;;;;;;;;;;;;;;;;;;;;;;;;;;;;;;;;;;;;;;;;;;;;;;;;;;;;;;;;;;;;;;
-5,800;;;;;;;;;;;;;;;;;;;;;;;;;;;;;;;;;;;;;;;;;;;;;;;;;;;;;;;;;;;;;;;;;;;;;;;;;;;;;;;;;;;;;;;;;;;;;;;;;;;;;;;;;;;;;;;;;;;;;;;;;;;;;;;;;;;;;;;;;;;;;;
-5,900;;;;;;;;;;;;;;;;;;;;;;;;;;;;;;;;;;;;;;;;;;;;;;;;;;;;;;;;;;;;;;;;;;;;;;;;;;;;;;;;;;;;;;;;;;;;;;;;;;;;;;;;;;;;;;;;;;;;;;;;;;;;;;;;;;;;;;;;;;;;;;
-6,000;;;;;;;;;;;;;;;;;;;;;;;;;;;;;;;;;;;;;;;;;;;;;;;;;;;;;;;;;;;;;;;;;;;;;;;;;;;;;;;;;;;;;;;;;;;;;;;;;;;;;;;;;;;;;;;;;;;;;;;;;;;;;;;;;;;;;;;;;;;;;;
-6,100;;;;;;;;;;;;;;;;;;;;;;;;;;;;;;;;;;;;;;;;;;;;;;;;;;;;;;;;;;;;;;;;;;;;;;;;;;;;;;;;;;;;;;;;;;;;;;;;;;;;;;;;;;;;;;;;;;;;;;;;;;;;;;;;;;;;;;;;;;;;;;
-6,200;;;;;;;;;;;;;;;;;;;;;;;;;;;;;;;;;;;;;;;;;;;;;;;;;;;;;;;;;;;;;;;;;;;;;;;;;;;;;;;;;;;;;;;;;;;;;;;;;;;;;;;;;;;;;;;;;;;;;;;;;;;;;;;;;;;;;;;;;;;;;;
-6,300;;;;;;;;;;;;;;;;;;;;;;;;;;;;;;;;;;;;;;;;;;;;;;;;;;;;;;;;;;;;;;;;;;;;;;;;;;;;;;;;;;;;;;;;;;;;;;;;;;;;;;;;;;;;;;;;;;;;;;;;;;;;;;;;;;;;;;;;;;;;;;
-6,400;;;;;;;;;;;;;;;;;;;;;;;;;;;;;;;;;;;;;;;;;;;;;;;;;;;;;;;;;;;;;;;;;;;;;;;;;;;;;;;;;;;;;;;;;;;;;;;;;;;;;;;;;;;;;;;;;;;;;;;;;;;;;;;;;;;;;;;;;;;;;;
-6,500;;;;;;;;;;;;;;;;;;;;;;;;;;;;;;;;;;;;;;;;;;;;;;;;;;;;;;;;;;;;;;;;;;;;;;;;;;;;;;;;;;;;;;;;;;;;;;;;;;;;;;;;;;;;;;;;;;;;;;;;;;;;;;;;;;;;;;;;;;;;;;
-6,600;;;;;;;;;;;;;;;;;;;;;;;;;;;;;;;;;;;;;;;;;;;;;;;;;;;;;;;;;;;;;;;;;;;;;;;;;;;;;;;;;;;;;;;;;;;;;;;;;;;;;;;;;;;;;;;;;;;;;;;;;;;;;;;;;;;;;;;;;;;;;;
-6,700;;;;;;;;;;;;;;;;;;;;;;;;;;;;;;;;;;;;;;;;;;;;;;;;;;;;;;;;;;;;;;;;;;;;;;;;;;;;;;;;;;;;;;;;;;;;;;;;;;;;;;;;;;;;;;;;;;;;;;;;;;;;;;;;;;;;;;;;;;;;;;
-6,800;;;;;;;;;;;;;;;;;;;;;;;;;;;;;;;;;;;;;;;;;;;;;;;;;;;;;;;;;;;;;;;;;;;;;;;;;;;;;;;;;;;;;;;;;;;;;;;;;;;;;;;;;;;;;;;;;;;;;;;;;;;;;;;;;;;;;;;;;;;;;;
-6,900;;;;;;;;;;;;;;;;;;;;;;;;;;;;;;;;;;;;;;;;;;;;;;;;;;;;;;;;;;;;;;;;;;;;;;;;;;;;;;;;;;;;;;;;;;;;;;;;;;;;;;;;;;;;;;;;;;;;;;;;;;;;;;;;;;;;;;;;;;;;;;
-7,000;;;;;;;;;;;;;;;;;;;;;;;;;;;;;;;;;;;;;;;;;;;;;;;;;;;;;;;;;;;;;;;;;;;;;;;;;;;;;;;;;;;;;;;;;;;;;;;;;;;;;;;;;;;;;;;;;;;;;;;;;;;;;;;;;;;;;;;;;;;;;;
[SYSTEM];;
Name;Pentacam;
Version;1,20r29;
SerialNo;7841  7030;
Registered User;,..;
File Date;07-05-2015;
Matrixsize X;141;
Matrixsize Y;141;
Matrix-Res, X/Y;100;

[PATIENT];;
LastName;LEBERETON;
FirstName;Annie;
Eye;OD;
DateOfBirth;25-11-1991;
Sex;,..;
PatientID;;

[EXAMINATION];;
Date;07-05-2015;
Time;11:33:29;
Surgeon;,..;
OP;,..;
TestNo;,..;
Comments;,..;
Max, Diameter;11,68;

[GENERAL DATA];;
Cornea Front Rh;8,13;
Cornea Front Rv;7,98;
Cornea Front Axis;6,2;
Cornea Front Astig;0,8;
Cornea Front Exz;-0,18;Q: (8mm);
Pachy Apex;560;
Pachy Min;542;
Pachy Min X;-1,36;
Pachy Min Y;-0,84;
Chamber Height;3,17;
Chamber Angle;38,28;
KKS;# -;
QS Status;OK;
QS Error;0;
K Max (Front);42,84;
K Max X (Front);0,39;
K Max Y (Front);3,83;

[PUPIL];
Pupil Dia;3,59;
XPupil;133;
YPupil;84;

X;Y;
1854;0;
1855;46;
1855;91;
1854;137;
1851;182;
1848;228;
1843;273;
1838;319;
1831;364;
1823;409;
1814;454;
1804;499;
1793;544;
1781;588;
1768;633;
1754;676;
1738;720;
1723;764;
1706;807;
1688;849;
1668;892;
1648;934;
1627;975;
1606;1017;
1583;1057;
1559;1098;
1534;1137;
1508;1177;
1481;1215;
1453;1254;
1424;1291;
1395;1328;
1364;1364;
1332;1399;
1300;1434;
1266;1468;
1232;1501;
1197;1533;
1160;1565;
1123;1595;
1085;1624;
1047;1653;
1007;1680;
967;1707;
926;1732;
884;1756;
841;1779;
798;1801;
754;1821;
710;1840;
665;1858;
619;1874;
573;1890;
527;1904;
480;1916;
433;1927;
385;1937;
337;1945;
290;1952;
241;1957;
193;1961;
145;1963;
96;1964;
48;1963;
0;1962;
-48;1958;
-96;1952;
-144;1946;
-191;1938;
-238;1929;
-284;1918;
-331;1905;
-376;1892;
-421;1877;
-466;1861;
-510;1844;
-553;1824;
-596;1804;
-638;1783;
-679;1761;
-720;1738;
-759;1713;
-798;1687;
-836;1660;
-873;1633;
-909;1604;
-944;1575;
-978;1545;
-1011;1514;
-1044;1482;
-1075;1449;
-1105;1416;
-1135;1382;
-1163;1348;
-1190;1313;
-1216;1278;
-1242;1242;
-1266;1205;
-1290;1169;
-1312;1132;
-1333;1094;
-1353;1056;
-1373;1018;
-1392;980;
-1409;942;
-1426;903;
-1442;864;
-1456;825;
-1471;786;
-1484;747;
-1496;708;
-1508;668;
-1518;629;
-1528;589;
-1537;550;
-1546;511;
-1553;471;
-1559;431;
-1565;392;
-1571;353;
-1575;313;
-1579;274;
-1581;235;
-1583;195;
-1585;156;
-1585;117;
-1585;78;
-1584;39;
-1581;0;
-1579;-39;
-1576;-77;
-1572;-116;
-1567;-154;
-1561;-192;
-1554;-231;
-1548;-269;
-1540;-306;
-1531;-344;
-1522;-381;
-1512;-418;
-1502;-456;
-1491;-492;
-1479;-529;
-1466;-566;
-1452;-602;
-1439;-638;
-1425;-674;
-1410;-710;
-1394;-745;
-1377;-780;
-1360;-815;
-1342;-850;
-1324;-884;
-1304;-919;
-1284;-952;
-1263;-986;
-1242;-1019;
-1220;-1052;
-1197;-1085;
-1173;-1117;
-1149;-1149;
-1124;-1180;
-1098;-1212;
-1071;-1242;
-1044;-1272;
-1016;-1301;
-987;-1330;
-957;-1359;
-927;-1387;
-895;-1414;
-863;-1440;
-830;-1466;
-797;-1491;
-763;-1515;
-728;-1539;
-692;-1562;
-656;-1583;
-619;-1604;
-581;-1624;
-543;-1643;
-504;-1661;
-465;-1679;
-424;-1695;
-384;-1710;
-343;-1723;
-301;-1736;
-259;-1748;
-217;-1759;
-174;-1768;
-131;-1776;
-88;-1783;
-44;-1789;
0;-1794;
44;-1796;
88;-1798;
133;-1799;
177;-1798;
222;-1797;
266;-1794;
310;-1789;
355;-1783;
399;-1776;
443;-1768;
487;-1759;
530;-1748;
573;-1736;
616;-1723;
659;-1708;
701;-1693;
743;-1676;
784;-1658;
825;-1639;
865;-1619;
905;-1597;
944;-1575;
982;-1551;
1020;-1527;
1057;-1501;
1094;-1475;
1130;-1448;
1165;-1419;
1199;-1390;
1233;-1360;
1266;-1329;
1298;-1298;
1329;-1265;
1359;-1232;
1389;-1198;
1417;-1163;
1445;-1128;
1472;-1092;
1499;-1055;
1524;-1018;
1548;-981;
1572;-942;
1594;-903;
1616;-864;
1637;-824;
1657;-784;
1676;-743;
1694;-702;
1712;-660;
1728;-618;
1744;-576;
1758;-533;
1771;-490;
1784;-447;
1796;-403;
1806;-359;
1816;-315;
1824;-271;
1832;-226;
1839;-181;
1844;-136;
1849;-91;
1852;-45;
